Workbook

Sheet Dashboard
A1: FULL-FUNNEL MARKETING FORECAST — 2026 SUMMARY
A2: Seasonality-weighted forecast across MQL and SQL stages, by channel and quarter
A4: Funnel Stage | B4: Q1 | C4: Q2 | D4: Q3 | E4: Q4 | F4: FY Total
A5: MQLs | B5: ='MQL forecast'!B16 -> 1545 | C5: ='MQL forecast'!C16 -> 2335 | D5: ='MQL forecast'!D16 -> 5370 | E5: ='MQL forecast'!E16 -> 3200 | F5: =SUM(B5:E5) -> 12450
A6: SQLs | B6: ='SQL forecast'!B16 -> 404 | C6: ='SQL forecast'!C16 -> 315 | D6: ='SQL forecast'!D16 -> 802 | E6: ='SQL forecast'!E16 -> 460 | F6: =SUM(B6:E6) -> 1981
A7: MQL→SQL rate | B7: =B6/B5 -> 0.26148867 | C7: =C6/C5 -> 0.13490364 | D7: =D6/D5 -> 0.14934823 | E7: =E6/E5 -> 0.14375 | F7: =F6/F5 -> 0.15911647
A9: KEY ASSUMPTIONS
A10: Avg SQL → Opp conversion | B10: 0.35
A11: Avg Opp → Closed-Won | B11: 0.22
A12: Avg ACV ($) | B12: 42000
A13: Blended CAC target ($) | B13: 9500
A15: MODELED OUTPUT
A16: Forecast Opps (FY) | B16: =F6*B10 -> 693.35
A17: Forecast Closed-Won (FY) | B17: =B16*B11 -> 152.537
A18: Forecast New ACV ($) | B18: =B17*B12 -> 6406554

Sheet MQL forecast
A1: MARKETING FUNNEL FORECAST MODEL — MQLs
A3: Channel / Segment | B3: Q1 | C3: Q2 | D3: Q3 | E3: Q4 | F3: Total
A4: Web (organic traffic) | B4: 2600 | C4: 3400 | D4: 2750 | E4: 3150 | F4: =SUM(B4:E4) -> 11900
A5: Mid-Market | B5: 950 | C5: 1750 | D5: 1600 | E5: 1900 | F5: =SUM(B5:E5) -> 6200
A6: Enterprise | B6: 1650 | C6: 1650 | D6: 1150 | E6: 1250 | F6: =SUM(B6:E6) -> 5700
A7: Nurture (email) | B7: 300 | C7: 640 | D7: 950 | E7: 1180 | F7: =SUM(B7:E7) -> 3070
A8: Mid-Market | B8: 155 | C8: 250 | D8: 360 | E8: 470 | F8: =SUM(B8:E8) -> 1235
A9: Enterprise | B9: 145 | C9: 390 | D9: 590 | E9: 710 | F9: =SUM(B9:E9) -> 1835
A10: Paid | B10: 740 | C10: 860 | D10: 890 | E10: 760 | F10: =SUM(B10:E10) -> 3250
A11: Mid-Market | B11: 440 | C11: 300 | D11: 640 | E11: 350 | F11: =SUM(B11:E11) -> 1730
A12: Enterprise | B12: 300 | C12: 560 | D12: 250 | E12: 410 | F12: =SUM(B12:E12) -> 1520
A13: Conferences | B13: 175 | C13: 85 | D13: 2850 | E13: 480 | F13: =SUM(B13:E13) -> 3590
A14: Mid-Market | B14: 0 | C14: 35 | D14: 2770 | E14: 480 | F14: =SUM(B14:E14) -> 3285
A15: Enterprise | B15: 175 | C15: 50 | D15: 80 | E15: 0 | F15: =SUM(B15:E15) -> 305
A16: Total | B16: =SUM(B14,B11,B8,B5) -> 1545 | C16: =SUM(C14,C11,C8,C5) -> 2335 | D16: =SUM(D14,D11,D8,D5) -> 5370 | E16: =SUM(E14,E11,E8,E5) -> 3200 | F16: =SUM(F14,F11,F8,F5) -> 12450
A19: SEASONALITY BASIS — Web Sessions by Month
B20: Q1 | E20: Q2 | H20: Q3 | K20: Q4
A21: Month | B21: Jan | C21: Feb | D21: Mar | E21: Apr | F21: May | G21: June | H21: Jul | I21: Aug | J21: Sept | K21: Oct | L21: Nov | M21: Dec
A22: Web sessions | B22: 1980000 | C22: 2110000 | D22: 2560000 | E22: 2540000 | F22: 2450000 | G22: 1700000 | H22: 1680000 | I22: 1615000 | J22: 2225000 | K22: 3125000 | L22: 3425000 | M22: 2745000
A23: % of quarter | B23: =B22/SUM(B22:D22) -> 0.29774436 | C23: =C22/SUM(B22:D22) -> 0.31729323 | D23: =D22/SUM(B22:D22) -> 0.38496241 | E23: =E22/SUM(E22:G22) -> 0.37967115 | F23: =F22/SUM(E22:G22) -> 0.36621824 | G23: =G22/SUM(E22:G22) -> 0.25411061 | H23: =H22/SUM(H22:J22) -> 0.30434783 | I23: =I22/SUM(H22:J22) -> 0.29257246 | J23: =J22/SUM(H22:J22) -> 0.40307971 | K23: =K22/SUM(K22:M22) -> 0.33620226 | L23: =L22/SUM(K22:M22) -> 0.36847768 | M23: =M22/SUM(K22:M22) -> 0.29532006
A24: Forecast MQLs | B24: =$B$16*B23 -> 460.01504 | C24: =$B$16*C23 -> 490.21805 | D24: =$B$16*D23 -> 594.76692 | E24: =$C$16*E23 -> 886.53214 | F24: =$C$16*F23 -> 855.11958 | G24: =$C$16*G23 -> 593.34828 | H24: =$D$16*H23 -> 1634.3478 | I24: =$D$16*I23 -> 1571.1141 | J24: =$D$16*J23 -> 2164.538 | K24: =$E$16*K23 -> 1075.8472 | L24: =$E$16*L23 -> 1179.1286 | M24: =$E$16*M23 -> 945.02421
A27: GOAL vs ACTUAL BY CHANNEL — Q1 MQLs
B28: Web | C28: Nurture | D28: Paid | E28: Conferences | F28: Total
A29: Jan: actual | B29: 1700 | C29: 28 | D29: 215 | E29: 0 | F29: =SUM(B29:E29) -> 1943
A30: Jan: goal | B30: 790 | C30: 90 | D30: 225 | E30: 52 | F30: =SUM(B30:E30) -> 1157
A31: Feb: actual | B31: 1360 | C31: 19 | D31: 307 | E31: 2 | F31: =SUM(B31:E31) -> 1688
A32: Feb: goal | B32: 840 | C32: 97 | D32: 238 | E32: 56 | F32: =SUM(B32:E32) -> 1231
A33: Mar: actual | B33: 1470 | C33: 23 | D33: 96 | E33: 2970 | F33: =SUM(B33:E33) -> 4559
A34: Mar: goal | B34: 1020 | C34: 118 | D34: 289 | E34: 68 | F34: =SUM(B34:E34) -> 1495
A35: Q1 gap (actual - goal) | B35: =(B29+B31+B33)-(B30+B32+B34) -> 1880 | C35: =(C29+C31+C33)-(C30+C32+C34) -> -235 | D35: =(D29+D31+D33)-(D30+D32+D34) -> -134 | E35: =(E29+E31+E33)-(E30+E32+E34) -> 2796 | F35: =(F29+F31+F33)-(F30+F32+F34) -> 4307

Sheet SQL forecast
A1: MARKETING FUNNEL FORECAST MODEL — SQLs
A3: Channel / Segment | B3: Q1 | C3: Q2 | D3: Q3 | E3: Q4 | F3: Total
A4: Web (organic traffic) | B4: 200 | C4: 180 | D4: 130 | E4: 195 | F4: =SUM(B4:E4) -> 705
A5: Mid-Market | B5: 98 | C5: 80 | D5: 57 | E5: 116 | F5: =SUM(B5:E5) -> 351
A6: Enterprise | B6: 102 | C6: 100 | D6: 73 | E6: 79 | F6: =SUM(B6:E6) -> 354
A7: Nurture (email) | B7: 12 | C7: 26 | D7: 39 | E7: 48 | F7: =SUM(B7:E7) -> 125
A8: Mid-Market | B8: 6 | C8: 10 | D8: 15 | E8: 19 | F8: =SUM(B8:E8) -> 50
A9: Enterprise | B9: 6 | C9: 16 | D9: 24 | E9: 29 | F9: =SUM(B9:E9) -> 75
A10: Paid | B10: 500 | C10: 600 | D10: 650 | E10: 600 | F10: =SUM(B10:E10) -> 2350
A11: Mid-Market | B11: 300 | C11: 200 | D11: 475 | E11: 275 | F11: =SUM(B11:E11) -> 1250
A12: Enterprise | B12: 200 | C12: 400 | D12: 175 | E12: 325 | F12: =SUM(B12:E12) -> 1100
A13: Conferences | B13: 75 | C13: 105 | D13: 340 | E13: 50 | F13: =SUM(B13:E13) -> 570
A14: Mid-Market | B14: 0 | C14: 25 | D14: 255 | E14: 50 | F14: =SUM(B14:E14) -> 330
A15: Enterprise | B15: 75 | C15: 80 | D15: 85 | E15: 0 | F15: =SUM(B15:E15) -> 240
A16: Total | B16: =SUM(B14,B11,B8,B5) -> 404 | C16: =SUM(C14,C11,C8,C5) -> 315 | D16: =SUM(D14,D11,D8,D5) -> 802 | E16: =SUM(E14,E11,E8,E5) -> 460 | F16: =SUM(F14,F11,F8,F5) -> 1981
A19: SEASONALITY BASIS — Web Sessions by Month
B20: Q1 | E20: Q2 | H20: Q3 | K20: Q4
A21: Month | B21: Jan | C21: Feb | D21: Mar | E21: Apr | F21: May | G21: June | H21: Jul | I21: Aug | J21: Sept | K21: Oct | L21: Nov | M21: Dec
A22: Web sessions | B22: 1980000 | C22: 2110000 | D22: 2560000 | E22: 2540000 | F22: 2450000 | G22: 1700000 | H22: 1680000 | I22: 1615000 | J22: 2225000 | K22: 3125000 | L22: 3425000 | M22: 2745000
A23: % of quarter | B23: =B22/SUM(B22:D22) -> 0.29774436 | C23: =C22/SUM(B22:D22) -> 0.31729323 | D23: =D22/SUM(B22:D22) -> 0.38496241 | E23: =E22/SUM(E22:G22) -> 0.37967115 | F23: =F22/SUM(E22:G22) -> 0.36621824 | G23: =G22/SUM(E22:G22) -> 0.25411061 | H23: =H22/SUM(H22:J22) -> 0.30434783 | I23: =I22/SUM(H22:J22) -> 0.29257246 | J23: =J22/SUM(H22:J22) -> 0.40307971 | K23: =K22/SUM(K22:M22) -> 0.33620226 | L23: =L22/SUM(K22:M22) -> 0.36847768 | M23: =M22/SUM(K22:M22) -> 0.29532006
A24: Forecast SQLs | B24: =$B$16*B23 -> 120.28872 | C24: =$B$16*C23 -> 128.18647 | D24: =$B$16*D23 -> 155.52481 | E24: =$C$16*E23 -> 119.59641 | F24: =$C$16*F23 -> 115.35874 | G24: =$C$16*G23 -> 80.044843 | H24: =$D$16*H23 -> 244.08696 | I24: =$D$16*I23 -> 234.64312 | J24: =$D$16*J23 -> 323.26993 | K24: =$E$16*K23 -> 154.65304 | L24: =$E$16*L23 -> 169.49973 | M24: =$E$16*M23 -> 135.84723

Sheet Methodology
A1: METHODOLOGY & NOTES
A3: PURPOSE
A4: A full-funnel marketing forecast model that projects MQLs and SQLs by channel and quarter,
A5: then flows them through to modeled pipeline and new ACV. Built as a demonstration of forecasting
A6: and dashboard methodology. All figures are synthetic and illustrative.
A8: APPROACH
A9: 1. Channel-level quarterly targets are set for each acquisition source (Web/organic, Nurture, Paid, Conferences),
A10: split by segment (Mid-Market, Enterprise).
A11: 2. Monthly phasing is driven by seasonality: each month is weighted by its share of quarterly web-session volume,
A12: so forecasts track real demand patterns rather than dividing evenly by three.
A13: 3. Quarterly channel totals are distributed across months using those seasonality weights.
A14: 4. A goal-vs-actual layer tracks performance against plan by channel, surfacing gaps for reallocation.
... A24: This is a sanitized demonstration model. Figures do not represent any company's actual data.
